age,income,loan_amount,duration,credit_history_score,risk
62,2567,46680,59,514,1
38,14668,29898,17,346,1
27,11302,14732,28,514,0
31,14601,16745,44,838,0
38,6507,46164,30,721,0
28,8896,38020,11,530,0
29,13486,43333,14,784,0
30,2822,23463,53,489,1
65,6343,12693,15,753,0
68,14140,40414,42,658,0
65,2485,20260,51,384,1
45,13079,16260,50,676,0
29,8790,1536,44,817,0
50,5974,23952,27,524,0
62,2797,45564,48,496,1
27,13881,16710,46,544,0
30,11314,41577,38,388,1
55,2084,13469,45,413,1
47,13528,5342,21,761,0
35,3256,7148,18,618,0
43,14310,30793,30,669,0
21,2962,10962,43,664,0
30,2253,21127,13,590,0
22,5697,49474,6,410,1
19,2626,22018,6,356,1
68,9602,20976,55,671,0
39,6852,6748,22,845,0
62,8869,39490,10,649,0
25,11615,42682,16,477,1
24,5002,44950,23,825,0
21,12192,20660,49,530,0
26,9381,12169,37,479,1
24,3766,18191,33,529,0
69,3533,46906,52,337,1
34,6858,18691,58,499,1
23,1855,26827,25,354,1
25,6360,22644,59,333,1
23,6646,2980,36,559,0
32,3342,26222,10,555,0
47,11516,26103,8,750,0
32,13818,46648,56,844,0
68,13476,1243,58,527,0
47,4534,46743,46,558,1
39,7220,16675,56,816,0
54,12268,44999,16,484,1
43,8431,24598,8,534,0
56,12151,45941,8,474,1
65,12881,44365,12,784,0
24,13221,22359,28,473,1
50,7120,18112,22,558,0
47,9024,43396,24,828,0
38,14539,6279,56,829,0
53,5957,33064,46,345,1
65,5635,27078,13,747,0
66,3723,29296,7,471,1
25,8772,7363,11,330,1
19,6500,43088,23,656,0
35,2035,14279,11,502,0
33,4483,29763,42,385,1
65,7533,34606,55,623,0
60,7512,40665,32,414,1
69,12570,19808,47,802,0
18,11753,22997,21,360,1
19,5872,25165,8,751,0
41,8587,22420,49,474,1
41,9601,39480,21,709,0
22,2782,9786,42,374,1
36,14246,34519,55,809,0
37,9212,5568,58,811,0
50,9347,1581,35,735,0
29,9178,16849,38,781,0
51,3065,25333,27,681,0
54,8989,42879,36,522,0
63,3908,5846,52,530,0
65,2331,10149,49,386,1
55,13589,41194,27,459,1
31,14189,32371,44,639,0
67,8601,16207,21,648,0
20,8856,8329,47,466,1
45,14345,43148,58,585,0
62,4095,47662,26,536,1
45,12181,46071,19,340,1
49,2698,2226,50,444,1
32,10413,21392,19,509,0
46,11359,28791,18,450,1
53,14324,24509,23,642,0
53,1950,22885,35,552,1
33,10333,44644,6,408,1
65,3116,20508,56,618,0
55,8072,18053,36,318,1
24,14970,8009,22,412,1
48,13094,2338,44,709,0
49,13516,5120,41,394,1
27,12718,47763,30,494,1
61,8999,25531,47,723,0
66,14757,5459,55,666,0
48,7572,26482,32,315,1
43,9158,15786,57,703,0
63,14109,47407,27,623,0
28,3706,48952,45,765,1
36,13013,8627,10,327,1
58,2181,4899,50,658,0
35,14078,33151,31,779,0
64,2719,7916,56,770,0
30,7118,7649,11,332,1
45,6730,6638,34,318,1
44,4113,11072,15,824,0
36,4326,45580,18,382,1
35,3348,30477,53,541,0
38,6522,22022,44,388,1
61,11757,5377,29,361,1
54,4053,39455,8,451,1
32,2330,48072,35,419,1
67,8983,44327,47,739,0
21,11442,20138,13,386,1
66,7986,49043,40,330,1
52,10678,47254,44,809,0
63,8247,20850,38,700,0
40,9408,48949,13,729,0
32,10321,27941,50,376,1
54,4100,7083,13,554,0
68,7743,29354,34,734,0
18,4157,35386,35,663,0
47,3675,39416,30,733,1
39,10240,46528,17,461,1
22,6038,46023,6,493,1
44,2303,45201,9,645,1
47,9480,38075,54,471,1
47,9158,48558,34,632,0
69,10619,6993,6,657,0
34,12644,1467,40,365,1
67,7662,39550,46,444,1
21,9926,42958,31,807,0
47,3294,15834,40,689,0
66,2622,3633,53,782,0
68,11664,14360,8,690,0
57,14395,15618,21,436,1
27,13733,49479,51,807,0
55,9261,48383,41,377,1
21,10111,20752,23,711,0
35,3918,8633,31,505,0
67,10020,10388,37,350,1
47,9020,40899,34,347,1
20,7646,18332,32,374,1
54,12895,37275,35,348,1
34,6125,32492,12,752,0
44,9409,42855,28,776,0
50,5951,26371,41,651,0
42,9468,14859,41,710,0
44,9683,43780,59,704,0
45,2285,11240,52,623,0
43,2077,2965,20,659,0
47,10116,14670,8,662,0
52,14831,41589,55,715,0
38,6450,33200,12,643,0
60,13484,40102,13,832,0
28,5899,32132,7,553,0
39,3801,10819,26,848,0
64,4003,9050,43,541,0
28,13772,28611,45,590,0
41,2995,25487,23,575,0
49,10209,46677,55,329,1
49,14282,19762,52,398,1
32,5570,25126,20,362,1
50,9769,48893,38,559,0
45,8968,47499,8,516,0
22,12195,15839,24,777,0
66,1561,41628,52,748,1
51,14874,11214,25,571,0
44,2517,26242,41,594,1
38,3854,31787,17,778,0
61,11935,24259,19,613,0
19,14944,19294,39,345,1
37,6814,24229,44,305,1
40,3936,13486,51,841,0
24,9412,45606,51,601,0
25,7136,28836,18,679,0
21,4756,44486,48,795,0
52,1825,1173,39,631,0
49,6773,12110,56,565,0
57,9005,28954,41,845,0
67,5920,18525,17,816,0
33,7394,11012,16,702,0
65,6165,16331,9,449,1
33,5197,45026,32,397,1
46,10469,42854,39,387,1
59,5998,47061,44,510,0
51,10936,25193,12,620,0
20,5378,45058,14,375,1
56,10515,34637,36,602,0
35,11275,39284,41,419,1
30,6618,14555,20,323,1
27,2770,44838,24,537,1
59,5427,3748,51,576,0
22,3497,30126,24,420,1
23,13613,32640,25,618,0
48,7629,6746,22,448,1
62,2477,39612,32,446,1
58,6518,11771,49,644,0
19,3082,12891,53,476,1
61,10106,28350,47,847,0
41,14606,26999,22,739,0
41,10263,6610,47,461,1
68,4728,12713,40,682,0
58,6245,5581,44,413,1
31,7786,41414,23,608,0
37,12195,31618,59,708,0
27,3226,34420,57,576,1
41,13003,48161,54,602,0
27,10256,2964,41,304,1
59,13863,43481,34,485,1
41,2118,34859,44,630,1
38,7187,40561,23,613,0
33,9898,49698,40,480,1
21,12263,21081,32,429,1
50,10579,39014,25,398,1
34,12462,38939,18,402,1
35,12910,43633,35,390,1
33,6997,28209,18,632,0
59,5138,31241,35,701,0
57,2045,22061,17,684,1
55,11230,11188,36,546,0
38,13403,28709,43,377,1
57,12158,8450,11,532,0
50,4091,10171,58,698,0
33,5150,25176,30,463,1
35,9870,41721,59,633,0
37,12853,14077,36,663,0
42,7385,33598,54,350,1
28,11742,24382,42,576,0
62,11998,18052,42,809,0
23,4614,31005,34,558,0
65,13320,37833,13,404,1
39,7425,9266,9,497,1
27,5568,11791,7,797,0
61,3942,47173,53,630,1
19,2628,46633,21,547,1
55,13790,49057,49,765,0
26,14486,17965,22,829,0
21,6101,48856,44,738,0
68,4148,38688,20,776,0
27,8571,11149,25,340,1
43,12958,44347,47,671,0
40,4711,17895,59,837,0
32,14838,16072,52,731,0
49,3048,6096,6,323,1
41,9839,20666,27,585,0
47,7496,3792,40,773,0
58,12573,2527,41,680,0
41,13286,42503,47,649,0
44,14553,42773,8,681,0
19,6684,48458,59,649,0
47,8112,22423,37,313,1
59,5235,10830,37,473,1
39,2020,16840,30,816,0
34,13760,20982,39,459,1
42,2312,8311,11,569,0
18,10738,22974,39,733,0
37,13233,32205,13,804,0
40,4146,22213,41,476,1
28,13787,39423,35,546,0
57,10823,21088,51,572,0
23,12949,27528,48,699,0
29,4855,22113,55,836,0
50,14951,46280,57,752,0
18,7515,8235,52,687,0
19,11051,6145,11,312,1
59,10946,44039,43,527,0
58,10524,23010,38,311,1
26,10959,13373,6,733,0
31,5073,30961,39,466,1
66,11455,23588,16,370,1
68,14173,25278,19,531,0
48,12313,19735,28,642,0
19,10652,11202,50,542,0
55,7937,4040,28,615,0
26,9943,10101,10,743,0
64,11907,42373,59,784,0
65,12355,21632,49,481,1
54,12317,28121,51,547,0
27,13148,3336,26,332,1
23,13074,47027,30,770,0
56,4792,47593,16,606,0
61,13995,27046,44,301,1
35,11125,18500,40,307,1
29,9093,44453,26,745,0
42,3021,36509,28,642,1
38,13786,25416,26,649,0
27,8276,3105,23,735,0
26,12664,10345,52,507,0
36,9851,32499,25,356,1
50,2125,15285,49,535,0
59,2047,23314,26,396,1
45,7295,22548,47,350,1
35,6738,3069,46,449,1
26,11188,33025,49,571,0
23,13755,38894,25,676,0
69,13875,20389,30,351,1
28,9933,12143,30,416,1
61,8937,21198,43,449,1
19,2354,39947,19,424,1
18,12882,7926,20,372,1
37,13827,45289,9,849,0
66,7646,37398,33,529,0
41,7737,6110,46,730,0
55,5176,42556,29,471,1
61,14864,39610,47,472,1
61,11565,23055,39,447,1
39,7562,25543,54,708,0
49,8584,46484,55,470,1
59,11673,49369,26,784,0
19,8424,42972,11,514,0
37,9959,44125,42,511,0
33,8052,38456,17,803,0
59,5385,35972,56,595,0
21,6961,28943,22,685,0
30,4540,17535,12,775,0
41,7560,40358,6,755,0
46,6069,13359,34,423,1
29,10712,21305,10,359,1
26,13385,41553,22,346,1
38,7624,13482,41,722,0
54,8047,10416,43,317,1
43,10976,12560,29,302,1
32,13767,6983,13,659,0
57,12208,34420,46,741,0
61,10442,39697,34,708,0
45,8562,47702,48,474,1
19,2716,30510,25,688,1
55,9158,19228,10,336,1
27,1544,4015,8,313,1
57,3415,34619,40,731,1
45,6358,18493,39,390,1
44,4907,40172,22,301,1
52,6343,4953,26,706,0
36,11671,16960,59,842,0
37,13658,14418,22,842,0
31,8999,17161,37,663,0
24,14785,44031,54,328,1
59,2425,6868,31,376,1
42,5010,24371,6,352,1
36,9980,17560,7,819,0
65,14621,46789,28,528,0
66,4514,41658,48,765,0
37,14315,25640,39,709,0
25,14848,16399,37,389,1
25,2686,45978,43,826,1
54,3838,9072,30,661,0
63,6157,21438,31,641,0
27,12911,42824,21,462,1
39,7608,2273,56,728,0
52,5139,25044,26,647,0
63,10977,10859,56,640,0
31,2435,8191,55,366,1
52,3336,26306,10,526,0
62,11399,23372,14,417,1
59,9377,25686,26,758,0
56,11653,3572,37,683,0
32,5925,16980,23,743,0
25,8238,42751,50,694,0
42,14357,32372,49,347,1
37,3202,5709,51,784,0
29,6208,6712,58,700,0
34,8844,48315,35,482,1
41,5329,18032,44,717,0
54,8507,22696,37,656,0
56,7998,2481,25,803,0
38,7831,25622,20,495,1
37,11313,29465,58,672,0
41,6202,10447,56,740,0
23,11023,33693,27,428,1
56,9193,21008,24,509,0
55,8463,26172,57,752,0
25,7148,35934,21,731,0
65,9382,16229,14,547,0
56,9911,39599,41,788,0
45,11429,41557,48,754,0
40,7344,28687,13,320,1
31,9011,37718,24,327,1
57,11350,42972,30,555,0
57,12746,44617,18,835,0
64,5869,2331,56,435,1
69,3179,8415,36,740,0
40,12057,44335,20,725,0
24,14128,9957,51,308,1
34,6906,28606,9,604,0
25,13348,35942,32,461,1
49,9489,31653,46,413,1
20,11586,7770,48,770,0
31,3588,28474,20,329,1
65,4796,12981,44,802,0
48,14808,10761,32,681,0
49,10780,12528,56,315,1
45,9061,33034,56,522,0
49,5959,35290,19,673,0
45,8728,45869,45,317,1
63,14469,27479,32,630,0
59,8098,13671,35,582,0
35,3944,8312,46,759,0
42,3228,21183,38,776,0
28,14171,13269,53,698,0
27,14092,35150,41,843,0
53,4832,11263,46,405,1
39,1857,2546,37,319,1
37,10251,43387,30,653,0
23,13292,23671,50,757,0
35,5669,49704,41,371,1
46,2606,47638,11,414,1
54,8925,27085,47,815,0
61,8581,7496,56,389,1
30,8318,45989,41,323,1
55,6031,43789,20,760,0
65,4751,12210,11,823,0
39,10747,36415,37,789,0
26,13939,32736,31,667,0
68,3174,49420,55,406,1
65,8534,32732,27,445,1
49,6813,37004,52,666,0
57,2733,27565,26,693,1
19,2538,28713,12,646,1
60,4025,3580,18,552,0
51,12056,17296,52,462,1
65,5259,18187,21,722,0
43,4236,22151,27,654,0
31,14549,23586,11,849,0
66,7102,48374,25,696,0
46,12676,21831,51,760,0
34,14616,35332,18,594,0
50,3057,17531,56,590,0
55,5876,7155,15,372,1
39,6099,1430,20,759,0
37,8717,41891,27,428,1
50,2107,11491,32,382,1
19,2585,16504,39,633,0
39,6904,8515,55,402,1
31,9479,46592,18,643,0
19,14922,11387,33,484,1
25,12660,5481,45,456,1
65,4061,6380,57,739,0
41,4335,37123,50,305,1
29,5955,18098,30,351,1
29,12030,7448,6,741,0
66,9910,13631,33,304,1
37,13360,9159,41,714,0
64,9321,40938,10,769,0
23,3109,16797,6,780,0
36,2049,24718,46,658,1
61,2296,10375,41,777,0
32,7899,11053,29,454,1
29,12539,6534,53,728,0
34,7100,49012,42,584,0
34,2136,47285,14,355,1
48,2089,14168,23,767,0
53,12772,18400,22,559,0
28,9566,31346,40,329,1
59,10429,15204,22,700,0
32,2950,48456,15,367,1
47,4798,40546,8,571,0
56,14323,38306,12,443,1
18,1553,38142,21,311,1
52,3197,12563,38,817,0
25,3124,38930,49,383,1
52,12441,9036,20,301,1
25,2112,38547,28,681,1
53,5752,41045,38,470,1
33,2544,31343,28,660,1
25,13004,45990,49,431,1
23,6031,28848,37,322,1
60,14475,22250,57,585,0
40,14684,22104,42,421,1
41,1515,10592,6,585,0
43,6841,1634,38,693,0
51,14322,2253,31,316,1
67,10419,23523,50,325,1
33,3688,14218,47,828,0
50,6251,5407,57,825,0
69,2516,24264,51,737,0
45,14113,25044,43,824,0
40,3112,41389,43,401,1
29,8353,20594,6,578,0
27,4850,46963,16,518,0
59,10592,2207,33,347,1
50,10509,1504,6,817,0
61,7561,12356,8,558,0
45,4660,18324,7,618,0
24,14749,45010,8,574,0
33,14371,43768,35,374,1
20,12596,42979,28,321,1
37,12077,2754,42,589,0
36,2666,16062,24,607,0
54,3910,5973,37,482,1
69,8729,5875,55,372,1
61,9417,26871,10,456,1
62,2217,7165,7,768,0
37,7993,11588,21,728,0
43,2731,5550,47,581,0
68,6346,6078,29,462,1
44,7803,34428,12,417,1
64,2522,49674,20,579,1
36,13820,23712,41,579,0
23,14561,15259,29,572,0
67,9437,21218,11,571,0
19,14533,17281,49,577,0
65,4049,18538,21,828,0
30,8453,49735,18,600,0
28,11921,46259,36,432,1
58,5296,48345,33,313,1
45,8440,47717,31,433,1
46,4705,3436,59,770,0
68,5706,3053,49,487,1
64,10542,45848,11,580,0
58,4866,39691,11,669,0
34,13865,22461,54,609,0
60,13830,19100,50,387,1
30,8355,38549,38,440,1
51,13078,35739,55,646,0
66,8165,38211,51,785,0
66,4600,27451,48,717,0
66,6424,44073,30,638,0
63,4768,31312,48,547,0
52,3277,21180,43,456,1
67,7523,26193,35,721,0
22,13440,2012,59,433,1
37,6128,25235,50,316,1
50,12987,6905,58,629,0
45,13915,27873,20,745,0
24,2777,47006,48,586,1
55,9999,32501,51,473,1
18,3661,39468,36,653,1
63,5369,31521,21,314,1
44,14495,33375,21,554,0
56,6429,38910,48,359,1
28,12579,19199,31,729,0
56,5741,30270,24,538,0
37,9803,19349,52,731,0
41,3009,49652,10,703,1
38,7700,17898,32,493,1
29,13029,40281,9,629,0
60,14830,16355,29,745,0
47,4259,26804,43,534,0
48,9255,1924,44,410,1
53,9038,13758,47,316,1
68,11228,43730,52,472,1
57,6552,33214,7,634,0
49,7545,38654,31,762,0
43,4624,27841,26,550,0
21,7647,22517,27,432,1
51,12034,7766,50,448,1
21,7158,39117,23,831,0
68,13565,2219,34,498,1
48,11976,11585,20,438,1
58,2285,48433,36,759,1
20,6244,15840,53,767,0
50,8295,35981,48,436,1
46,5004,5983,38,333,1
21,5570,35893,14,742,0
49,4103,22937,41,419,1
41,13014,36679,13,810,0
47,12696,8626,44,842,0
51,11215,33197,41,425,1
65,9895,42503,48,562,0
61,8604,39596,22,819,0
36,7394,10846,20,839,0
42,12434,3226,28,444,1
32,10137,9698,21,326,1
66,1941,8806,26,362,1
32,12758,7523,35,556,0
23,6055,40649,51,463,1
52,12974,45939,17,474,1
51,13091,30602,20,343,1
40,13099,10647,33,321,1
47,4254,47123,30,564,1
68,2266,27279,33,623,1
24,8011,36786,50,475,1
22,1812,9432,12,519,0
64,9837,40882,39,826,0
42,7019,22427,41,357,1
42,3565,48179,16,340,1
27,9600,40826,20,470,1
28,6920,15130,50,737,0
60,2723,36744,46,645,1
22,7076,4774,19,354,1
46,7291,33025,49,452,1
58,1666,9268,23,710,0
43,9089,35545,9,560,0
51,5119,46943,19,781,0
23,14988,19259,48,553,0
53,8985,46725,38,628,0
40,14726,12590,48,665,0
20,8401,10481,34,319,1
48,14542,23897,35,573,0
25,2192,35049,27,333,1
52,9115,41193,12,671,0
18,5858,30874,30,307,1
44,13996,21279,38,318,1
49,4518,47906,46,659,1
18,9130,7337,28,537,0
42,12404,39582,15,319,1
53,3411,28887,47,438,1
43,10163,49681,27,670,0
29,1682,31371,44,358,1
58,12791,24380,56,351,1
36,6328,47258,20,755,0
23,14899,24034,15,488,1
62,8215,33327,48,418,1
25,9348,48480,45,695,0
20,8549,10379,21,339,1
62,10680,6455,30,680,0
49,13681,2364,24,500,0
29,5118,1678,57,315,1
35,10084,1580,49,371,1
25,5809,14724,27,610,0
59,10890,33308,37,558,0
41,4208,22749,8,635,0
41,6167,19185,49,484,1
42,2011,40239,56,647,1
51,6593,5839,53,512,0
34,9793,11316,10,540,0
28,3344,2992,53,525,0
25,9776,11964,16,814,0
54,9620,35365,36,699,0
33,12723,47247,43,636,0
65,8877,15092,57,648,0
18,14471,18972,24,565,0
39,1946,24682,9,425,1
68,6236,28886,18,538,0
34,9883,9865,50,554,0
25,2376,16940,21,750,0
65,7762,29523,8,838,0
59,14901,15161,50,658,0
18,6185,6369,16,820,0
31,4047,45919,27,846,1
21,3365,25618,33,582,0
60,12396,15588,10,562,0
37,6367,15052,36,743,0
65,10848,23034,35,419,1
22,5832,26615,29,567,0
21,4258,6031,26,528,0
40,3629,32122,41,482,1
49,8319,24089,59,460,1
64,10853,37622,37,827,0
21,7278,2732,16,843,0
19,1777,35910,6,765,1
42,5093,28998,40,722,0
50,13189,20704,22,729,0
59,10603,1126,16,545,0
64,10324,8840,14,583,0
65,11125,30677,31,687,0
69,14558,47283,42,346,1
57,5100,6959,7,770,0
19,5303,3659,58,787,0
63,10253,1140,20,723,0
21,10870,12639,30,441,1
25,8972,48962,35,785,0
67,14698,24427,51,532,0
44,8078,33379,39,639,0
69,11802,26368,36,566,0
59,8530,12841,44,499,1
26,8123,40043,35,506,0
46,10605,33038,41,312,1
50,6964,31621,43,800,0
65,12140,11888,50,720,0
50,7452,5844,36,617,0
60,13547,36073,27,436,1
61,5441,31548,26,551,0
56,2153,37250,27,341,1
42,12317,37074,43,306,1
24,9924,37351,24,467,1
29,6404,37530,45,513,0
57,4814,34275,42,403,1
44,5914,6207,44,778,0
46,9465,23647,58,415,1
47,4025,13187,19,452,1
27,1589,23422,10,567,1
41,11672,14623,9,433,1
37,5680,29786,55,513,0
25,8020,30775,17,716,0
64,9792,21694,26,521,0
19,7895,17457,6,328,1
68,9079,35003,20,804,0
25,12257,14049,23,657,0
18,14209,28710,41,804,0
34,1941,44501,56,410,1
21,12086,46571,26,327,1
28,8096,18405,28,803,0
37,2507,19829,18,383,1
44,12008,24132,39,704,0
42,11573,49732,18,542,0
23,10560,25479,24,518,0
24,9602,11889,32,539,0
39,3718,41777,54,701,1
45,12613,22996,31,540,0
22,3889,35816,25,342,1
51,5635,28845,44,660,0
30,10838,16782,57,696,0
56,2186,4190,24,417,1
69,12722,17554,6,741,0
29,7304,44079,54,604,0
43,1971,48084,21,461,1
47,9350,49192,26,772,0
21,8887,47583,10,318,1
51,4189,17099,38,562,0
53,4988,38878,35,643,0
30,8770,22482,59,572,0
22,6419,8231,57,597,0
47,13366,31071,17,641,0
44,2637,47198,50,571,1
45,3855,45183,32,463,1
37,6923,30095,31,608,0
60,13679,32814,13,361,1
30,5173,7832,50,626,0
58,10284,49216,8,500,0
40,6522,19011,38,624,0
40,1929,43570,47,785,1
65,11643,22185,15,832,0
20,5354,47992,23,337,1
66,13443,2691,26,386,1
43,1659,36328,47,372,1
43,3478,9846,21,364,1
58,11438,25747,21,825,0
66,3138,26418,31,429,1
38,3675,24886,19,470,1
23,9536,40735,23,819,0
19,9156,14772,57,760,0
45,4677,44515,19,468,1
28,9145,44020,28,609,0
50,2761,28140,6,619,1
36,3349,47649,19,454,1
58,11036,42310,50,806,0
26,5977,25490,24,667,0
28,12398,16792,51,473,1
67,11391,1511,28,583,0
44,5567,36599,56,409,1
41,11915,45994,6,744,0
39,14210,10144,48,676,0
62,5959,12382,25,547,0
19,13642,21316,56,377,1
22,1859,25994,32,744,1
34,4828,35414,30,531,0
40,9140,5797,29,666,0
48,8573,25848,40,544,0
50,6558,35336,39,358,1
21,7853,24666,39,416,1
60,13678,6965,7,803,0
45,4319,22881,40,784,0
45,14894,5371,56,693,0
68,6464,27934,56,573,0
61,3757,49819,45,612,1
47,4787,25650,57,439,1
34,2160,47808,48,699,1
44,5134,38815,45,729,0
19,1927,34111,22,833,1
41,4957,49371,32,586,0
25,2320,11003,14,322,1
62,12711,39242,22,404,1
65,5487,26647,23,768,0
62,10158,14206,39,661,0
40,12178,11888,32,637,0
47,4012,24240,42,838,0
43,6970,13382,34,343,1
50,9498,39429,55,308,1
42,10181,35834,45,540,0
18,7859,42583,48,502,0
61,8365,45684,40,618,0
46,2129,12917,23,364,1
27,12198,30814,54,767,0
36,4730,47340,47,473,1
22,8827,15822,29,578,0
27,13237,22509,43,466,1
25,10524,1355,55,525,0
66,3671,20917,19,655,0
52,2764,29666,54,509,1
23,10663,23928,28,312,1
22,5961,16034,37,314,1
29,5226,25382,14,572,0
57,4706,6911,23,370,1
44,8419,26193,53,520,0
41,3338,35787,49,358,1
37,10038,6319,21,611,0
36,2329,27815,54,536,1
55,6303,26388,32,676,0
49,6786,29607,59,729,0
20,6705,31231,30,426,1
27,10179,27465,58,706,0
48,8325,19543,30,553,0
41,2771,28028,43,789,1
50,5243,12404,35,614,0
54,1781,23463,31,580,1
56,14709,47645,26,533,0
57,2905,19672,14,832,0
27,4391,34836,31,381,1
31,14972,44711,19,719,0
37,10818,31751,30,320,1
33,5667,13368,44,702,0
24,4827,23156,46,640,0
40,4594,1068,38,389,1
31,14932,8241,56,590,0
48,6783,28270,57,333,1
18,7452,30699,24,442,1
38,2880,7883,53,681,0
35,11306,45068,14,439,1
20,12961,24727,27,652,0
59,1740,5914,43,784,0
46,12878,2278,13,807,0
49,11003,46143,39,488,1
59,6494,2342,44,401,1
51,2069,15720,14,733,0
38,7752,29441,37,637,0
48,7390,21827,21,467,1
53,4865,35404,31,769,0
41,8452,43351,29,369,1
21,7686,34456,26,666,0
66,5221,44803,17,487,1
23,12853,40029,18,344,1
51,6778,8079,28,640,0
26,13943,15118,45,795,0
53,3583,24896,11,556,0
32,11848,32934,31,658,0
65,1576,33980,21,840,1
51,8576,13225,39,555,0
38,8246,15509,22,711,0
33,7235,25226,46,593,0
31,8220,17266,6,719,0
52,4799,28576,19,307,1
37,5125,37974,8,407,1
38,13332,4170,28,427,1
22,12489,13773,40,717,0
64,3952,25752,17,385,1
30,6160,8207,17,772,0
68,1529,47879,56,497,1
34,11754,8814,57,410,1
48,5070,36144,29,444,1
66,12769,8290,22,664,0
46,5876,48841,51,640,0
28,13237,2759,31,348,1
65,12509,2785,34,660,0
57,11309,11570,52,483,1
61,8827,17302,46,734,0
23,4571,10462,9,553,0
51,4919,38195,19,778,0
53,8879,38017,53,644,0
69,8086,12377,30,701,0
58,13324,37459,36,727,0
55,3718,46562,22,770,1
51,3678,43952,13,673,1
40,14858,22474,13,572,0
63,11835,24663,9,715,0
48,12683,26674,25,447,1
42,2323,49951,18,651,1
19,8498,42974,44,652,0
18,6788,29741,31,300,1
68,11039,10173,50,430,1
23,10787,3420,30,802,0
61,13129,27977,39,681,0
45,1916,21996,55,758,1
21,5542,10360,17,771,0
39,8445,43046,37,848,0
32,9509,46608,31,555,0
45,11048,13652,44,633,0
67,5708,33214,10,436,1
45,11109,34512,18,678,0
40,12302,38865,42,396,1
46,14201,25830,51,803,0
29,8807,47815,22,378,1
68,8055,35773,38,793,0
31,12857,12722,13,462,1
57,7195,4868,50,496,1
57,9162,15635,57,766,0
26,3090,47362,6,713,1
54,11462,48556,45,749,0
20,13821,7392,54,828,0
46,7931,33037,48,611,0
59,5650,37078,40,446,1
20,13920,4755,42,401,1
21,3946,15763,33,812,0
55,6114,4990,42,660,0
39,12600,5527,9,546,0
67,6767,36094,27,544,0
28,8592,43749,32,632,0
38,13452,25228,49,415,1
31,5503,34467,22,759,0
36,5134,24405,19,559,0
67,2783,25470,33,624,0
22,9732,44011,43,729,0
24,3367,5147,6,735,0
69,6269,35790,51,676,0
36,12492,2696,53,365,1
32,6200,38756,40,480,1
24,9877,3276,49,462,1
31,3396,23697,51,417,1
39,5486,30115,26,806,0
62,11864,47395,40,764,0
32,7006,12782,34,533,0
60,7829,26320,50,707,0
59,2727,24157,25,687,0
19,5949,3982,45,521,0
64,14351,11418,21,403,1
32,6501,19938,42,758,0
61,2350,10204,52,381,1
32,14786,28770,6,836,0
28,14349,49759,32,647,0
48,14798,23704,42,787,0
49,4246,47423,10,577,1
63,10564,45880,37,783,0
47,2488,10565,38,621,0
24,2090,21972,55,395,1
65,10792,22593,28,628,0
38,11942,25595,11,396,1
61,11178,5723,53,355,1
60,13579,9754,26,410,1
58,8397,35935,34,372,1
49,14481,47373,21,703,0
34,3426,17465,17,752,0
55,6130,14506,16,568,0
54,7164,14774,57,584,0
58,8035,9277,55,475,1
49,7871,1918,28,712,0
43,5869,9480,42,819,0
20,2533,8630,41,629,0
50,4994,13211,22,719,0
40,7356,49138,51,503,0
64,6066,22609,57,634,0
37,5293,21494,45,450,1
22,5555,20996,27,373,1
29,13936,41498,54,514,0
43,14298,13505,27,509,0
45,9864,39888,9,445,1
20,9753,13012,57,351,1
55,4813,22922,14,785,0
56,3246,8079,6,845,0
64,11550,14685,56,565,0
50,2302,11935,51,796,0
32,7213,9251,17,659,0
68,12108,36810,19,694,0
36,4543,14203,41,828,0
37,4651,7725,45,837,0
51,5321,35403,33,788,0
18,4457,26515,37,504,0
50,5513,38182,9,496,1
18,7191,14134,54,480,1
29,8733,25282,22,591,0
40,11285,41565,47,819,0
28,12028,17558,7,720,0
49,3361,16019,51,306,1
53,7627,31152,42,685,0
61,10762,40035,6,327,1
24,10009,7038,44,339,1
21,6603,23832,12,747,0
60,5476,31277,27,553,0
45,10160,14827,7,757,0
45,12232,23995,57,620,0
57,9693,40642,11,488,1
30,9244,6074,39,443,1
61,3313,40498,12,499,1
34,2618,47480,55,457,1
28,5990,33750,46,585,0
51,8580,31810,45,771,0
19,4795,30244,17,626,0
68,5494,39269,39,762,0
38,3200,17112,12,468,1
34,12247,22986,40,472,1
43,5953,4052,9,836,0
66,11850,13415,14,336,1
23,11185,35265,9,584,0
36,6373,1921,31,745,0
41,3324,30491,25,701,0
35,13652,10508,30,828,0
27,3602,2115,13,487,1
37,4136,32511,41,617,0
68,4321,30580,29,801,0
36,9268,33788,43,772,0
67,4152,45004,19,359,1
46,6339,49820,47,696,0
24,5088,45821,45,502,0
26,8069,28652,48,557,0
57,8339,21425,34,843,0
33,2949,40480,35,340,1
24,4531,30453,48,621,0
48,13620,46999,11,697,0
21,12035,26148,32,572,0
53,10732,39210,23,366,1
45,3611,38346,14,749,1
36,4703,27869,43,695,0
55,7638,5152,11,585,0
32,8100,48621,9,306,1
52,11099,5254,18,453,1
65,3838,6450,15,803,0
42,4201,4078,24,417,1
67,12816,35584,57,468,1
34,8189,44538,42,708,0
32,9381,28566,44,608,0
31,14618,12142,10,842,0
32,8984,20020,40,481,1
58,6249,15555,30,553,0
40,6812,43000,46,504,0
64,12970,3073,54,479,1
19,5247,5273,44,499,1
34,12429,12279,16,572,0
21,12427,13658,9,461,1
47,6348,19355,40,456,1
